{
  "maximum_point": {
    "x": -0.016821340291128806,
    "y": 2.9727946534834753
  },
  "initial_point": {
    "x": 0,
    "y": 3
  },
  "image_data": "[[4.  2.  2.5 ... 8.5 4.  2. ]\n [3.5 5.  4.5 ... 3.  3.5 3.5]\n [3.5 2.  3.  ... 4.5 4.  2.5]\n ...\n [4.5 5.  8.5 ... 2.  4.  4. ]\n [3.5 7.5 7.  ... 3.5 5.5 7.5]\n [3.5 3.5 2.  ... 3.5 5.  4. ]]",
  "extent": [
    -0.175,
    0.175,
    3.175,
    2.825
  ],
  "fluorescence": "[4.65087118]"
}