{"text": "user: Can you help me run an ESR experiment?\nassistant: I'd be happy to help you run an ESR experiment. Let me guide you through the process.\nassistant: First, we need to read the default ESR configuration.\nassistant: (Read file) projects/configs/default_esr_config.json with content:\n{\"frequency_range\": [2.7e9, 3.0e9], \"power\": -10, \"points\": 100}\nuser: Can we modify the frequency range to 2.8-3.1 GHz?\nassistant: Yes, we can modify the frequency range. I'll create a new configuration file for you.\nassistant: VISION: projects/NVExperiment/runs/run_20250502_123456/data/ESR_plot.png\nassistant: [System] Vision analysis result:\nThe ESR plot shows a dip at approximately 2.87 GHz, which indicates the presence of an NV center. The contrast is about 15%.\n\nAvailable plots in this session:\n- ESR_plot.png (Analyzed): projects/NVExperiment/runs/run_20250502_123211/data/ESR_plot.png", "embeddings": [-0.023249678313732147, 0.02905411832034588, -0.03466223180294037, -0.009278676472604275, -0.009472157806158066, -0.08762554824352264, -0.08417987823486328, 0.0552726686000824, -0.04953944683074951, -0.03836491331458092, -0.013286975212395191, -0.10763897746801376, -0.036300260573625565, -0.040645699948072433, 0.094688281416893, 0.017850181087851524, 0.114380843937397, -0.11451370269060135, -0.01654384471476078, -0.010829629376530647, 0.0720473900437355, -0.008040380664169788, 0.04399583488702774, -0.07265269756317139, 0.03212708234786987, -0.036009591072797775, 0.008434731513261795, 0.027637792751193047, -0.031520649790763855, -0.09463552385568619, 0.07305625826120377, 0.026948554441332817, -0.004395071882754564, 0.06086718663573265, 0.07272640615701675, -0.018702929839491844, 0.05289061367511749, 0.007439832203090191, -0.03269200026988983, 0.05068979784846306, -0.018629861995577812, 0.056189198046922684, 0.0007622868288308382, -0.03463408723473549, -0.023793978616595268, -0.012515736743807793, -0.030298402532935143, -0.05021418631076813, -0.04970361664891243, 0.005285934079438448, 0.024751920253038406, -0.024161001667380333, -0.04364924877882004, -0.029230473563075066, 0.06289901584386826, 0.04239378869533539, -0.007824555039405823, -0.041215281933546066, 0.05761091038584709, -0.01619473285973072, 0.06600619107484818, -0.03511887416243553, 0.0386429987847805, 0.011347229592502117, -0.039243441075086594, -0.04093395918607712, 0.09243319928646088, -0.0247300174087286, -0.005651454441249371, -0.01755058579146862, -0.033934954553842545, 0.04175763204693794, 0.04906877130270004, -0.04165807366371155, 0.025185082107782364, 0.09271899610757828, -0.024661079049110413, 0.010119739919900894, 0.07741400599479675, -0.07681944966316223, 0.013401083648204803, -0.012142050080001354, -0.04594074934720993, -0.05230170115828514, 0.05564270541071892, 0.009936782531440258, 0.007262966595590115, 0.009266178123652935, 0.041737161576747894, 0.007381695322692394, -0.01266161072999239, -0.05073682963848114, -0.03519280627369881, 0.04688534885644913, 0.046930208802223206, 0.03200121968984604, 0.016865042969584465, -0.09354596585035324, -0.007734541781246662, 0.01991516910493374, 0.032175034284591675, -0.053911253809928894, 0.07863407582044601, 0.09634621441364288, -0.14101196825504303, -0.036078453063964844, 0.08682040870189667, 0.08571209013462067, -0.04863922670483589, 0.033937547355890274, 0.0549326054751873, 0.06394707411527634, 0.015643270686268806, -0.0769241526722908, 0.05894143879413605, 0.06460227072238922, -0.04362756386399269, 0.022189702838659286, 0.06833255290985107, 0.024314144626259804, 0.0478338822722435, -0.02523197792470455, -0.04929022863507271, -0.0008237415459007025, 0.10542289167642593, 0.05745823681354523, -0.012859850190579891, 3.9193578764246414e-33, -0.018949642777442932, 0.0393550768494606, -0.0413648784160614, -0.06866415590047836, 0.07018335163593292, 0.034276384860277176, -0.0476657971739769, 0.057280153036117554, -0.02261180989444256, 0.013511529192328453, -0.04537351429462433, 0.04286063462495804, 0.01460946910083294, 0.028920626267790794, 0.044253770262002945, -0.07107995450496674, 0.03633429855108261, -0.0017187554622069001, -0.008918936364352703, 0.0005425676936283708, 0.029426900669932365, -0.10299629718065262, -0.07252877205610275, -0.008039996959269047, -0.05729030817747116, 0.05506276339292526, -0.056872617453336716, 0.028876593336462975, 0.0008398190839216113, -0.010123344138264656, 0.019100846722722054, 0.062226708978414536, -0.004426628351211548, 0.006152944639325142, -0.013059535063803196, -0.07724398374557495, 0.03674069792032242, 0.09902355819940567, 0.004247378557920456, 0.0195884108543396, 0.029715009033679962, 0.12273050099611282, -0.028368061408400536, -0.02173425629734993, -0.025864815339446068, -0.0807863250374794, 0.02595176175236702, -0.026203002780675888, -0.0028085182420909405, 0.04366743192076683, -0.022959936410188675, 0.02727746218442917, -0.06297717988491058, -0.015518303960561752, 0.15830856561660767, 0.015118241310119629, 0.09233849495649338, 0.0038568933960050344, 0.014374473132193089, -0.02740873396396637, 0.02066798321902752, -0.010508057661354542, 0.07035596668720245, -0.009584041312336922, 0.06730249524116516, -0.033383000642061234, 0.0035540934186428785, -0.07190335541963577, -0.08368631452322006, 0.07947355508804321, -0.010910782031714916, 0.0377669632434845, 0.02620876394212246, -0.034543994814157486, 0.030058493837714195, 0.004900410305708647, -0.01911085844039917, 0.10007074475288391, -0.06940004974603653, -0.02328646369278431, 0.009534209966659546, 0.06328139454126358, -0.021199483424425125, -0.04644235968589783, -0.03151360899209976, -0.025655247271060944, -0.00439026951789856, 0.028681989759206772, 0.03917748108506203, -0.029312292113900185, 0.08732978999614716, -0.03126879408955574, -0.0615348182618618, -0.051155466586351395, -0.0802362784743309, -2.8705458171065025e-33, 0.06304600834846497, 0.0748131200671196, 0.031983211636543274, 0.07002691924571991, 0.006126070860773325, 0.04088525474071503, 0.12369678914546967, 0.04788454622030258, 0.028308266773819923, -0.07475768029689789, 0.056831784546375275, -0.0892854779958725, 0.021455761045217514, -0.018723836168646812, 0.03788164630532265, -0.018036989495158195, -0.04796067997813225, 0.02976643666625023, 0.01254016999155283, -0.02769937925040722, 0.010310100391507149, 0.0007644501747563481, 0.009673096239566803, -0.029823429882526398, 0.012071261182427406, -0.0317605696618557, -0.03436547890305519, -0.06673455983400345, -0.07244167476892471, -0.1042446494102478, -0.11969597637653351, -0.04076448082923889, -0.006110562011599541, 0.00042825803393498063, 0.053438980132341385, -0.030984658747911453, 0.07026694715023041, -0.02911829762160778, -0.05978042259812355, -0.013381698168814182, 0.1082746759057045, 0.12036846578121185, -0.02528146468102932, 0.001564916456118226, 0.008178973570466042, 0.017299389466643333, 0.07429081201553345, -0.06310467422008514, -0.032991789281368256, 0.009928328916430473, -0.0006785644218325615, -0.06221409887075424, -0.009226442314684391, -0.038707271218299866, 0.013509714044630527, 0.046229805797338486, 0.08901534229516983, -0.05099654197692871, -0.048810914158821106, -0.008283753879368305, 0.04211416468024254, -0.04256652668118477, -0.053020697087049484, -0.07082510739564896, 0.06543616205453873, 0.00045179828885011375, -0.06590535491704941, 0.025976117700338364, 0.07378125190734863, 0.029190506786108017, -0.050819024443626404, -0.11270511895418167, 0.03558528050780296, 0.004939621314406395, 0.06184029206633568, -0.08550794422626495, -0.015863433480262756, -0.0354187898337841, 0.018100613728165627, -0.028800878673791885, -0.06992733478546143, 1.2311993486946449e-05, 0.0032860017381608486, 0.02795591577887535, 0.017889389768242836, 0.06504654139280319, -0.06275945156812668, -0.03411168232560158, 0.0803559422492981, -0.029445502907037735, -0.04111010208725929, -0.039827898144721985, -0.01194839458912611, 0.07725472003221512, 0.07407242804765701, -5.5091796014039573e-08, -0.0460502989590168, -0.02476426400244236, 