{
  "maximum_point": {
    "x": 0.02018386700273836,
    "y": -1.6951206590739356
  },
  "initial_point": {
    "x": 0.0,
    "y": -1.65
  },
  "image_data": "[[3.  4.  4.  ... 4.  4.5 3. ]\n [5.5 5.5 5.5 ... 5.5 2.5 6. ]\n [4.5 7.  3.5 ... 8.  3.5 5.5]\n ...\n [5.5 6.  5.5 ... 4.5 5.  3.5]\n [6.5 6.  4.5 ... 6.  2.5 5.5]\n [1.  7.5 6.  ... 6.  7.  5. ]]",
  "extent": [
    -0.175,
    0.175,
    -1.4749999999999999,
    -1.825
  ],
  "fluorescence": "[4.24615098]"
}