{
  "maximum_point": {
    "x": 0.1929268292682927,
    "y": -1.6964544715447154
  },
  "initial_point": {
    "x": 0.2,
    "y": -1.8
  },
  "image_data": "[[5.5 4.  5.5 ... 6.5 3.  4. ]\n [2.5 3.5 4.5 ... 2.5 4.5 4.5]\n [2.  3.5 5.5 ... 4.  3.5 2.5]\n ...\n [5.  7.5 7.  ... 6.  3.5 4. ]\n [6.  7.  6.  ... 8.  4.5 3.5]\n [5.5 8.5 7.  ... 6.  4.  4.5]]",
  "extent": [
    0.025000000000000022,
    0.375,
    -1.625,
    -1.975
  ],
  "fluorescence": "[2.77221077]"
}