{
  "maximum_point": {
    "x": -0.0018070406224351132,
    "y": -0.15142040791086223
  },
  "initial_point": {
    "x": 0.0,
    "y": -0.15
  },
  "image_data": "[[6.  6.5 4.5 ... 4.5 5.  3. ]\n [4.5 6.  4.5 ... 5.5 7.  4.5]\n [2.5 3.5 6.5 ... 3.  5.  3. ]\n ...\n [3.5 3.5 4.5 ... 4.  5.5 4.5]\n [3.5 5.  5.5 ... 6.  4.5 7. ]\n [3.5 7.  5.  ... 6.  3.  5.5]]",
  "extent": [
    -0.175,
    0.175,
    0.024999999999999994,
    -0.32499999999999996
  ],
  "fluorescence": "[8.71655334]"
}