{
  "maximum_point": {
    "x": 0.2200136756661373,
    "y": -0.19191966649020648
  },
  "initial_point": {
    "x": 0.2,
    "y": -0.3
  },
  "image_data": "[[ 6.   3.   6.  ...  4.5  4.   3.5]\n [ 4.   3.5  4.5 ...  4.5  3.5  6. ]\n [ 1.5  5.5  6.  ...  3.5  3.5  2. ]\n ...\n [10.5  9.5 10.5 ...  3.5  5.   5. ]\n [13.   9.5 11.5 ...  3.   6.   5.5]\n [ 7.5 11.   9.  ...  7.   5.   6. ]]",
  "extent": [
    0.025000000000000022,
    0.375,
    -0.125,
    -0.475
  ],
  "fluorescence": "[3.38169361]"
}