{
  "maximum_point": {
    "x": 0.09833234259672068,
    "y": -3.288528384603953
  },
  "initial_point": {
    "x": 0.2,
    "y": -3.3
  },
  "image_data": "[[3.  0.  1.5 ... 3.5 2.  3.5]\n [3.5 3.  2.5 ... 1.  2.5 2.5]\n [3.5 3.5 0.5 ... 1.  4.  2.5]\n ...\n [7.  6.  4.  ... 2.5 2.5 3. ]\n [9.5 6.5 7.5 ... 1.5 1.5 2. ]\n [9.  8.5 3.5 ... 1.  2.5 0. ]]",
  "extent": [
    0.025000000000000022,
    0.375,
    -3.125,
    -3.4749999999999996
  ],
  "fluorescence": "[3.55385705]"
}