{
  "maximum_point": {
    "x": 0.29376877651645456,
    "y": 1.3658133623819897
  },
  "initial_point": {
    "x": 0.2,
    "y": 1.4
  },
  "image_data": "[[7.  8.  8.  ... 6.  2.  8. ]\n [8.  6.  7.  ... 2.5 5.5 2. ]\n [8.  6.5 3.5 ... 3.  5.5 6.5]\n ...\n [3.  5.5 2.  ... 8.  5.  4.5]\n [5.5 5.  5.5 ... 5.  6.  7. ]\n [5.  3.  6.  ... 5.  6.  6.5]]",
  "extent": [
    0.025000000000000022,
    0.375,
    1.575,
    1.2249999999999999
  ],
  "fluorescence": "[2.39699694]"
}