{
  "maximum_point": {
    "x": 0.08589025154716176,
    "y": -3.145902755548442
  },
  "initial_point": {
    "x": 0.1,
    "y": -3.15
  },
  "image_data": "[[1.  5.  4.  ... 2.5 3.  3. ]\n [3.5 3.  3.  ... 1.5 2.5 2.5]\n [2.5 3.  3.5 ... 3.5 2.5 2.5]\n ...\n [4.  3.5 4.  ... 3.  1.5 1. ]\n [4.  2.5 4.  ... 0.5 3.  3.5]\n [3.  2.5 0.5 ... 4.  2.  3. ]]",
  "extent": [
    -0.07499999999999998,
    0.275,
    -2.975,
    -3.3249999999999997
  ],
  "fluorescence": "[4.56129166]"
}