{
  "maximum_point": {
    "x": -0.031304264264264275,
    "y": -1.590138018018018
  },
  "initial_point": {
    "x": 0.05,
    "y": -1.65
  },
  "image_data": "[[3.5 4.  4.5 ... 5.  6.  4.5]\n [4.5 6.5 4.  ... 3.5 6.  5.5]\n [6.  8.  3.5 ... 1.  4.  6. ]\n ...\n [4.5 7.  4.5 ... 5.  9.  5. ]\n [5.5 3.5 4.5 ... 5.5 5.5 3.5]\n [3.  3.  3.  ... 5.5 4.5 5. ]]",
  "extent": [
    -0.12499999999999999,
    0.22499999999999998,
    -1.4749999999999999,
    -1.825
  ],
  "fluorescence": "[4.89158072]"
}