{
  "maximum_point": {
    "x": -0.011769448448929465,
    "y": 1.3125034260594086
  },
  "initial_point": {
    "x": 0.0,
    "y": 1.4
  },
  "image_data": "[[ 7.   5.   9.  ...  9.   2.   4. ]\n [ 5.5  6.   9.  ...  4.5  2.   2.5]\n [ 8.5 10.5  7.  ...  5.5  6.   3.5]\n ...\n [ 4.5  9.   6.  ... 10.5  5.   2.5]\n [ 4.5  6.5  3.  ...  4.5  2.5  4. ]\n [ 4.   1.5  2.  ...  4.   2.   3.5]]",
  "extent": [
    -0.175,
    0.175,
    1.575,
    1.2249999999999999
  ],
  "fluorescence": "[3.69939103]"
}