{
  "maximum_point": {
    "x": 0.20066826342137062,
    "y": -3.1403532280338338
  },
  "initial_point": {
    "x": 0.25,
    "y": -3.15
  },
  "image_data": "[[3.5 1.  0.  ... 3.5 0.  1.5]\n [1.5 2.  1.5 ... 2.5 1.  6. ]\n [1.5 2.  2.  ... 3.  0.5 2.5]\n ...\n [1.  4.  1.5 ... 2.5 2.  1. ]\n [2.5 1.5 2.  ... 1.  2.5 3.5]\n [2.5 2.  1.5 ... 1.5 1.  1. ]]",
  "extent": [
    0.07500000000000001,
    0.425,
    -2.975,
    -3.3249999999999997
  ],
  "fluorescence": "[7.555659]"
}