{
  "maximum_point": {
    "x": 0.2,
    "y": -3.3
  },
  "initial_point": {
    "x": 0.2,
    "y": -3.3
  },
  "image_data": "[[1.5 2.5 1.5 ... 0.  1.  0.5]\n [1.5 0.  1.  ... 1.  0.5 0.5]\n [2.5 1.5 1.5 ... 1.  0.5 1. ]\n ...\n [3.5 3.  1.  ... 7.  2.5 5. ]\n [0.5 2.5 2.  ... 3.  3.  2.5]\n [1.5 0.5 2.  ... 7.5 2.5 4. ]]",
  "extent": [
    0.025000000000000022,
    0.375,
    -3.125,
    -3.4749999999999996
  ],
  "fluorescence": 0.0
}